City_ID,City,Country,Date,Lat,Lng,Max Temp,Humidity,Cloudiness,Wind Speed
0,Punta Arenas,CL,2022-07-28 02:26:38,-53.15,-70.9167,39.31,75,20,34.52
1,Mataura,NZ,2022-07-28 02:26:38,-46.1927,168.8643,47.48,98,100,3.13
2,Talnakh,RU,2022-07-28 02:26:39,69.4865,88.3972,56.21,62,89,11.16
3,Arraial Do Cabo,BR,2022-07-28 02:26:06,-22.9661,-42.0278,67.96,83,0,10.36
4,Ushuaia,AR,2022-07-28 02:26:07,-54.8,-68.3,40.66,81,75,23.02
5,Yellowknife,CA,2022-07-28 02:26:39,62.456,-114.3525,66.72,68,75,12.66
6,Airai,TL,2022-07-28 02:26:40,-8.9266,125.4092,67.86,49,14,5.14
7,Upernavik,GL,2022-07-28 02:24:20,72.7868,-56.1549,40.19,85,100,1.74
8,Nanortalik,GL,2022-07-28 02:26:40,60.1432,-45.2371,42.37,86,96,7.67
9,New Norfolk,AU,2022-07-28 02:26:41,-42.7826,147.0587,51.71,73,95,4.0
10,Georgetown,MY,2022-07-28 02:26:12,5.4112,100.3354,85.93,79,20,4.61
11,Hit,IQ,2022-07-28 02:26:41,33.6416,42.8251,88.84,14,0,8.34
12,Kapaa,US,2022-07-28 02:22:33,22.0752,-159.319,85.98,69,20,17.27
13,Cartagena,CO,2022-07-28 02:26:05,10.3997,-75.5144,80.22,89,40,2.3
14,Hermanus,ZA,2022-07-28 02:26:42,-34.4187,19.2345,52.11,83,0,12.53
15,Palmer,US,2022-07-28 02:26:38,42.1584,-72.3287,73.42,73,75,4.61
16,Ribeira Grande,PT,2022-07-28 02:25:35,38.5167,-28.7,72.72,85,34,11.18
17,East London,ZA,2022-07-28 02:26:43,-33.0153,27.9116,63.63,77,100,10.2
18,Cayenne,GF,2022-07-28 02:25:48,4.9333,-52.3333,76.08,1,0,0.0
19,Rikitea,PF,2022-07-28 02:26:43,-23.1203,-134.9692,74.03,68,100,15.84
20,Norman Wells,CA,2022-07-28 02:26:44,65.282,-126.8329,64.44,48,75,2.3
21,Dudinka,RU,2022-07-28 02:26:44,69.4058,86.1778,56.62,64,91,10.69
22,Kodiak,US,2022-07-28 02:26:45,57.79,-152.4072,62.11,51,0,5.75
23,Antofagasta,CL,2022-07-28 02:26:03,-23.65,-70.4,56.48,85,90,6.98
24,Bluff,NZ,2022-07-28 02:23:59,-46.6,168.3333,47.8,87,100,12.66
25,Peniche,PT,2022-07-28 02:26:46,39.3558,-9.3811,65.28,91,0,13.02
26,Butaritari,KI,2022-07-28 02:24:14,3.0707,172.7902,81.84,77,11,14.43
27,Damietta,EG,2022-07-28 02:26:46,31.4165,31.8133,76.89,62,0,0.25
28,Flinders,AU,2022-07-28 02:26:47,-34.5833,150.8552,67.37,52,10,7.0
29,Puerto Ayora,EC,2022-07-28 02:24:25,-0.7393,-90.3518,69.55,95,99,7.0
30,Busselton,AU,2022-07-28 02:26:47,-33.65,115.3333,60.62,67,37,12.33
31,Haimen,CN,2022-07-28 02:26:48,23.1935,116.6142,91.29,66,78,3.36
32,Salalah,OM,2022-07-28 02:26:48,17.0151,54.0924,77.09,94,100,8.05
33,Tura,IN,2022-07-28 02:26:48,25.5198,90.2201,79.16,87,67,3.94
34,Muskogee,US,2022-07-28 02:22:54,35.5834,-95.3336,87.96,80,20,6.91
35,Avera,US,2022-07-28 02:24:19,33.194,-82.5271,83.55,57,52,8.86
36,Sault Sainte Marie,CA,2022-07-28 02:24:09,46.5168,-84.3333,61.36,93,0,3.44
37,Hithadhoo,MV,2022-07-28 02:25:42,-0.6,73.0833,82.49,73,100,11.88
38,Albany,US,2022-07-28 02:26:22,42.6001,-73.9662,71.46,75,96,2.08
39,Lebu,CL,2022-07-28 02:24:02,-37.6167,-73.65,48.6,85,12,5.48
40,Athabasca,CA,2022-07-28 02:25:59,54.7169,-113.2854,81.01,62,24,5.1
41,Sabha,LY,2022-07-28 02:26:50,27.0377,14.4283,80.19,14,0,10.6
42,Inhambane,MZ,2022-07-28 02:26:50,-23.865,35.3833,63.48,80,0,4.97
43,Bethel,US,2022-07-28 02:26:51,41.3712,-73.414,74.75,77,0,1.01
44,Luganville,VU,2022-07-28 02:27:51,-15.5333,167.1667,82.27,73,93,6.93
45,Mujiayingzi,CN,2022-07-28 02:27:52,42.1167,118.7833,64.85,85,100,3.2
46,Bonavista,CA,2022-07-28 02:27:52,48.6499,-53.1147,60.28,95,11,10.69
47,Carballo,ES,2022-07-28 02:27:53,43.213,-8.691,62.91,77,78,1.34
48,Barrow,US,2022-07-28 02:25:36,71.2906,-156.7887,33.82,100,100,17.27
49,Cabo San Lucas,MX,2022-07-28 02:24:04,22.8909,-109.9124,86.31,51,20,11.5
50,Hauterive,FR,2022-07-28 02:27:53,46.0901,3.4459,56.16,76,0,2.24
51,Mahebourg,MU,2022-07-28 02:27:53,-20.4081,57.7,68.29,88,40,5.75
52,Cidreira,BR,2022-07-28 02:27:54,-30.1811,-50.2056,60.76,87,100,6.17
53,Prince Rupert,CA,2022-07-28 02:27:54,54.3161,-130.3201,67.69,79,0,17.27
54,Dingle,PH,2022-07-28 02:24:32,10.9995,122.6711,86.04,73,100,9.1
55,Bom Conselho,BR,2022-07-28 02:27:56,-9.1697,-36.6797,59.88,95,7,1.54
56,Souillac,MU,2022-07-28 02:27:18,-20.5167,57.5167,68.38,88,40,5.75
57,Port Alfred,ZA,2022-07-28 02:27:57,-33.5906,26.891,63.27,81,81,17.56
58,Alofi,NU,2022-07-28 02:27:57,-19.0595,-169.9187,76.89,83,75,16.11
59,Taiyuan,CN,2022-07-28 02:27:57,37.8694,112.5603,73.26,64,0,2.24
60,Senno,RU,2022-07-28 02:27:58,59.5336,33.9167,61.27,99,100,3.56
61,Narsaq,GL,2022-07-28 02:27:58,60.9167,-46.05,48.42,86,11,4.16
62,Atuona,PF,2022-07-28 02:27:58,-9.8,-139.0333,76.87,75,31,22.86
63,Omboue,GA,2022-07-28 02:27:59,-1.5746,9.2618,70.84,89,64,6.08
64,Otjimbingwe,NA,2022-07-28 02:27:59,-22.35,16.1333,59.32,19,8,2.57
65,Naze,JP,2022-07-28 02:28:00,28.3667,129.4833,85.12,81,81,15.79
66,Chokurdakh,RU,2022-07-28 02:24:14,70.6333,147.9167,60.15,35,97,13.87
67,Hobyo,SO,2022-07-28 02:28:00,5.3505,48.5268,74.7,81,100,22.79
68,Colwyn Bay,GB,2022-07-28 02:28:01,53.2948,-3.7267,60.21,92,100,6.49
69,Pevek,RU,2022-07-28 02:28:01,69.7008,170.3133,36.18,87,96,4.56
70,Port Elizabeth,ZA,2022-07-28 02:26:06,-33.918,25.5701,60.1,93,20,2.3
71,Veshkayma,RU,2022-07-28 02:28:02,54.05,47.1333,61.14,92,5,3.33
72,Vaini,TO,2022-07-28 02:28:02,-21.2,-175.2,78.96,89,20,10.36
73,Tuktoyaktuk,CA,2022-07-28 02:28:03,69.4541,-133.0374,48.2,81,75,10.36
74,Saint-Philippe,RE,2022-07-28 02:25:35,-21.3585,55.7679,67.59,83,26,7.9
75,Mandalgovi,MN,2022-07-28 02:28:03,45.7625,106.2708,67.17,41,100,22.41
76,Laguna,US,2022-07-28 02:25:16,38.421,-121.4238,96.46,37,0,10.36
77,Hami,CN,2022-07-28 02:25:54,42.8,93.45,89.65,10,0,11.05
78,Ziro,IN,2022-07-28 02:28:04,27.6333,93.8333,59.74,94,95,0.58
79,Veseloyarsk,RU,2022-07-28 02:28:04,51.2836,81.1056,74.77,41,89,8.01
80,Touros,BR,2022-07-28 02:28:04,-5.1989,-35.4608,73.6,85,12,11.34
81,Sabang,ID,2022-07-28 02:24:26,5.8933,95.3214,80.87,75,65,2.62
82,Mpika,ZM,2022-07-28 02:28:05,-11.8343,31.4529,50.43,81,30,6.64
83,Lac Du Bonnet,CA,2022-07-28 02:26:40,50.2536,-96.0612,56.73,88,100,7.63
84,Kavieng,PG,2022-07-28 02:28:05,-2.5744,150.7967,84.85,70,17,18.25
85,Half Moon Bay,US,2022-07-28 02:27:11,37.4636,-122.4286,77.45,79,100,24.16
86,Bafra,TR,2022-07-28 02:28:06,41.5678,35.9069,67.82,71,0,4.81
87,Itarana,BR,2022-07-28 02:28:06,-19.8739,-40.8753,59.77,84,0,2.71
88,Qaanaaq,GL,2022-07-28 02:28:07,77.484,-69.3632,37.69,90,41,2.46
89,Abrau-Dyurso,RU,2022-07-28 02:28:07,44.69,37.59,62.06,74,0,2.21
90,Pingzhuang,CN,2022-07-28 02:28:08,42.0372,119.2889,67.15,86,100,4.38
91,Abu Dhabi,AE,2022-07-28 02:27:03,24.4667,54.3667,87.82,62,65,11.5
92,Logrono,ES,2022-07-28 02:29:08,42.4667,-2.45,62.1,67,0,8.05
93,Bengkulu,ID,2022-07-28 02:29:09,-3.8004,102.2655,81.18,72,47,1.7
94,Manzhouli,CN,2022-07-28 02:29:09,49.6,117.4333,71.42,59,25,7.14
95,Torbay,CA,2022-07-28 02:29:10,47.6666,-52.7314,63.57,91,75,16.11
96,Henties Bay,NA,2022-07-28 02:29:10,-22.116,14.2845,53.47,82,2,4.18
97,Marmora,IT,2022-07-28 02:29:10,44.4583,7.094,63.46,92,15,2.15
98,Ostrovnoy,RU,2022-07-28 02:29:11,68.0531,39.5131,59.9,86,58,15.86
99,Chifeng,CN,2022-07-28 02:29:11,42.2683,118.9636,65.53,85,100,2.39
100,Kemijarvi,FI,2022-07-28 02:29:11,66.7131,27.4306,49.91,89,49,6.89
101,Cape Town,ZA,2022-07-28 02:29:12,-33.9258,18.4232,59.38,78,0,3.0
102,Hamilton,US,2022-07-28 02:29:12,39.1834,-84.5333,77.85,89,0,4.61
103,Champerico,GT,2022-07-28 02:27:59,14.3,-91.9167,78.94,80,42,2.53
104,Tasiilaq,GL,2022-07-28 02:24:30,65.6145,-37.6368,42.96,95,86,7.74
105,Jamestown,US,2022-07-28 02:28:25,42.097,-79.2353,72.99,73,100,8.05
106,Sinnamary,GF,2022-07-28 02:29:13,5.3833,-52.95,77.95,84,94,4.52
107,Luau,AO,2022-07-28 02:29:14,-10.7073,22.2247,57.09,45,90,4.74
108,Severo-Kurilsk,RU,2022-07-28 02:24:47,50.6789,156.125,55.38,86,96,7.07
109,Manadhoo,MV,2022-07-28 02:29:14,5.7667,73.3833,81.86,74,100,15.3
110,Lorengau,PG,2022-07-28 02:29:15,-2.0226,147.2712,84.63,72,50,12.37
111,Provideniya,RU,2022-07-28 02:29:15,64.3833,-173.3,44.71,100,100,7.0
112,Coihaique,CL,2022-07-28 02:26:12,-45.5752,-72.0662,39.81,65,0,3.44
113,Hilo,US,2022-07-28 02:25:32,19.7297,-155.09,86.29,74,75,8.05
114,Itanhem,BR,2022-07-28 02:29:16,-17.1664,-40.33,63.32,92,27,4.25
115,Yarim,YE,2022-07-28 02:29:16,14.298,44.3779,59.34,74,72,3.15
116,Ponta Do Sol,PT,2022-07-28 02:29:16,32.6667,-17.1,72.23,79,0,5.21
117,Dikson,RU,2022-07-28 02:28:31,73.5069,80.5464,40.64,94,96,12.66
118,Bida,NG,2022-07-28 02:29:17,9.0833,6.0167,72.28,97,100,3.67
119,Magadan,RU,2022-07-28 02:29:17,59.5667,150.8,72.54,61,46,4.25
120,La Asuncion,VE,2022-07-28 02:25:08,11.0333,-63.8628,89.33,62,93,10.36
121,Chuzhou,CN,2022-07-28 02:29:18,32.3219,118.2978,88.56,74,40,4.14
122,Bredasdorp,ZA,2022-07-28 02:29:18,-34.5322,20.0403,48.56,92,0,5.68
123,Sisimiut,GL,2022-07-28 02:29:19,66.9395,-53.6735,42.1,90,54,0.65
124,Kavaratti,IN,2022-07-28 02:29:19,10.5669,72.642,78.19,88,100,17.4
125,Camacha,PT,2022-07-28 02:29:19,33.0833,-16.3333,67.42,78,40,12.66
126,Washington,US,2022-07-28 02:28:19,47.5001,-120.5015,103.78,23,100,8.34
127,Faanui,PF,2022-07-28 02:29:20,-16.4833,-151.75,78.69,76,15,25.5
128,Samastipur,IN,2022-07-28 02:29:21,25.85,85.7833,87.19,64,75,3.51
129,Sao Filipe,CV,2022-07-28 02:29:21,14.8961,-24.4956,78.46,88,84,2.57
130,Thompson,CA,2022-07-28 02:26:33,55.7435,-97.8558,60.96,77,75,3.44
131,Vila Velha,BR,2022-07-28 02:26:12,-20.3297,-40.2925,66.94,89,40,2.3
132,San Patricio,US,2022-07-28 02:29:22,28.017,-97.5169,86.09,65,5,12.91
133,Marzuq,YE,2022-07-28 02:29:23,14.4,46.4667,81.09,45,100,7.09
134,Devils Lake,US,2022-07-28 02:30:23,48.1128,-98.8651,63.95,73,20,5.75
135,Hobart,AU,2022-07-28 02:27:42,-42.8794,147.3294,52.05,64,40,6.91
136,Eirunepe,BR,2022-07-28 02:30:23,-6.6603,-69.8736,75.56,65,25,0.74
137,Tuatapere,NZ,2022-07-28 02:30:24,-46.1333,167.6833,44.71,94,100,2.73
138,Ilulissat,GL,2022-07-28 02:30:24,69.2167,-51.1,44.62,93,75,5.75
139,Saint George,US,2022-07-28 02:30:25,37.1041,-113.5841,72.19,83,20,11.5
140,Clyde River,CA,2022-07-28 02:30:25,70.4692,-68.5914,37.63,100,100,5.75
141,Marienburg,PL,2022-07-28 02:30:26,54.0359,19.0266,61.12,70,99,10.65
142,Matara,LK,2022-07-28 02:30:26,5.9485,80.5353,78.66,84,96,7.81
143,Papara,BR,2022-07-28 02:30:26,-3.9839,-38.7273,77.4,89,78,4.32
144,Sola,VU,2022-07-28 02:29:25,-13.8833,167.55,79.86,78,100,11.18
145,Komsomolskiy,UZ,2022-07-28 02:30:27,40.4272,71.7189,86.72,32,4,4.61
146,Launceston,AU,2022-07-28 02:30:27,-41.45,147.1667,53.24,65,40,3.44
147,Onda,ES,2022-07-28 02:30:28,39.9667,-0.25,77.9,84,0,1.92
148,Constitucion,CL,2022-07-28 02:26:37,-35.3333,-72.4167,48.61,78,7,4.14
149,Leningradskiy,RU,2022-07-28 02:30:28,69.3833,178.4167,39.42,79,94,7.52
150,Guanay,BO,2022-07-28 02:30:29,-15.4975,-67.8797,69.71,80,35,1.86
151,Camden,US,2022-07-28 02:26:36,39.7835,-74.9663,81.72,83,99,1.99
152,Key Largo,US,2022-07-28 02:30:29,25.0865,-80.4473,83.98,66,2,15.28
153,Soyo,AO,2022-07-28 02:30:30,-6.1349,12.3689,69.13,90,99,5.35
154,Santa Lucia,ES,2022-07-28 02:29:46,27.9117,-15.5407,66.76,73,20,27.63
155,Tres De Maio,BR,2022-07-28 02:28:47,-27.7733,-54.24,64.29,83,82,4.76
156,Asau,RO,2022-07-28 02:29:40,46.4333,26.4,63.52,86,9,3.96
157,Husavik,IS,2022-07-28 02:30:31,66.0449,-17.3389,52.9,84,33,9.66
158,Yar-Sale,RU,2022-07-28 02:30:31,66.8333,70.8333,62.74,60,98,11.88
159,Umm Lajj,SA,2022-07-28 02:25:40,25.0213,37.2685,84.81,65,58,7.49
160,Pochutla,MX,2022-07-28 02:30:32,15.7432,-96.4661,80.42,93,57,2.77
161,Vardo,NO,2022-07-28 02:30:32,70.3705,31.1107,51.78,87,100,13.8
162,Kitui,KE,2022-07-28 02:30:33,-1.367,38.0106,60.04,86,100,6.6
163,Ahipara,NZ,2022-07-28 02:30:33,-35.1667,173.1667,57.63,85,55,15.05
164,Thinadhoo,MV,2022-07-28 02:30:34,0.5333,72.9333,83.17,72,95,13.62
165,Omidiyeh,IR,2022-07-28 02:30:34,30.7597,49.705,91.27,75,20,13.8
166,Tabuk,PH,2022-07-28 02:30:34,17.4189,121.4443,86.86,68,100,3.33
167,Yatou,CN,2022-07-28 02:30:35,37.15,122.3833,80.26,83,97,11.81
168,Hualmay,PE,2022-07-28 02:30:35,-11.0964,-77.6139,61.77,86,39,10.69
169,Taseyevo,RU,2022-07-28 02:30:36,57.2169,94.8978,65.17,63,100,7.14
170,Kaitangata,NZ,2022-07-28 02:26:42,-46.2817,169.8464,44.98,94,100,7.31
171,Coquimbo,CL,2022-07-28 02:26:55,-29.9533,-71.3436,53.33,100,40,3.44
172,Sitka,US,2022-07-28 02:30:36,57.0531,-135.33,60.69,72,100,3.44
173,Smidovich,RU,2022-07-28 02:30:37,48.6,133.8167,81.12,75,93,4.52
174,Klaksvik,FO,2022-07-28 02:30:37,62.2266,-6.589,52.72,91,87,14.56
175,Guanica,PR,2022-07-28 02:30:37,17.9716,-66.908,79.97,84,8,6.71
176,Senges,BR,2022-07-28 02:30:38,-24.1128,-49.4636,61.72,75,52,3.09
177,At-Bashi,KG,2022-07-28 02:30:38,41.1702,75.8106,75.07,28,75,1.66
178,Sioux Lookout,CA,2022-07-28 02:30:39,50.1001,-91.917,59.07,94,75,6.91
179,Stokmarknes,NO,2022-07-28 02:30:39,68.5646,14.9108,46.38,87,100,6.91
180,Praia Da Vitoria,PT,2022-07-28 02:30:34,38.7333,-27.0667,72.75,94,75,8.66
181,Port Hardy,CA,2022-07-28 02:31:40,50.6996,-127.4199,73.58,64,20,6.91
182,Marica,BR,2022-07-28 02:31:40,-22.9194,-42.8186,72.48,81,0,7.87
183,Tra Vinh,VN,2022-07-28 02:31:41,9.9347,106.3453,86.68,68,82,1.14
184,Elk City,US,2022-07-28 02:28:58,35.412,-99.4043,96.78,51,100,5.75
185,Bambous Virieux,MU,2022-07-28 02:27:05,-20.3428,57.7575,68.25,88,40,5.75
186,Ruy Barbosa,BR,2022-07-28 02:31:41,-12.2839,-40.4939,62.35,96,31,0.85
187,Cozumel,MX,2022-07-28 02:27:58,20.5083,-86.9458,82.47,83,75,5.01
188,Guerrero Negro,MX,2022-07-28 02:31:16,27.9769,-114.0611,68.79,82,57,15.32
189,Sol-Iletsk,RU,2022-07-28 02:31:42,51.1631,54.9918,69.44,71,4,6.76
190,Harper,LR,2022-07-28 02:31:42,4.375,-7.7169,75.2,74,99,11.23
191,Avarua,CK,2022-07-28 02:31:43,-21.2078,-159.775,77.05,73,20,13.8
192,Victoria,HK,2022-07-28 02:27:09,22.2855,114.1577,91.96,77,0,4.0
193,Alice Springs,AU,2022-07-28 02:31:43,-23.7,133.8833,60.35,23,2,13.8
194,Bereda,ES,2022-07-28 02:28:12,43.2686,-7.5406,55.58,100,21,0.98
195,Port Hedland,AU,2022-07-28 02:31:44,-20.3167,118.5667,78.85,34,0,12.66
196,Bilibino,RU,2022-07-28 02:29:23,68.0546,166.4372,52.29,47,100,3.09
197,Port Lincoln,AU,2022-07-28 02:28:37,-34.7333,135.8667,58.3,67,3,8.77
198,Muroto,JP,2022-07-28 02:31:45,33.2833,134.15,82.76,81,56,11.9
199,Fairbanks,US,2022-07-28 02:30:22,64.8378,-147.7164,61.14,62,75,13.8
200,Hasaki,JP,2022-07-28 02:31:41,35.7333,140.8333,93.29,79,76,16.11
201,Castro,BR,2022-07-28 02:31:45,-24.7911,-50.0119,56.73,81,99,2.24
202,Ambon,ID,2022-07-28 02:31:46,-3.6954,128.1814,80.74,83,75,10.36
203,Tahta,EG,2022-07-28 02:31:46,26.7693,31.5021,83.7,21,0,5.5
204,Ndioum,SN,2022-07-28 02:31:46,16.5129,-14.6471,81.37,70,26,21.34
205,Ola,RU,2022-07-28 02:31:47,59.5833,151.2833,73.15,66,30,9.51
206,Cherskiy,RU,2022-07-28 02:31:47,68.75,161.3,55.17,47,100,6.33
207,Pringsewu,ID,2022-07-28 02:31:48,-5.3582,104.9744,79.97,82,93,3.22
208,Ancud,CL,2022-07-28 02:31:48,-41.8697,-73.8203,43.0,92,27,4.09
209,Broome,US,2022-07-28 02:31:49,42.2506,-75.833,73.65,85,83,1.01
210,Saldanha,ZA,2022-07-28 02:31:49,-33.0117,17.9442,44.65,69,0,5.88
211,Aitape,PG,2022-07-28 02:31:50,-3.1374,142.3475,84.33,73,62,6.73
212,Goure,NE,2022-07-28 02:31:50,13.9835,10.2704,75.02,70,96,16.11
213,Ugoofaaru,MV,2022-07-28 02:31:50,5.6667,73.0,82.09,74,99,14.29
214,Araguacu,BR,2022-07-28 02:31:51,-12.9306,-49.8264,71.4,37,0,3.44
215,Beni Mazar,EG,2022-07-28 02:31:51,28.4962,30.8029,78.8,33,0,7.85
216,Mar Del Plata,AR,2022-07-28 02:30:27,-38.0023,-57.5575,51.1,58,100,13.8
217,Carnarvon,AU,2022-07-28 02:31:52,-24.8667,113.6333,73.98,47,100,3.65
218,Lubao,PH,2022-07-28 02:31:52,14.9167,120.55,87.51,73,96,5.08
219,Jieshou,CN,2022-07-28 02:31:52,33.2634,115.3611,74.41,92,100,5.19
220,Kloulklubed,PW,2022-07-28 02:31:53,7.0419,134.2556,84.7,71,100,7.45
221,Shenzhen,CN,2022-07-28 02:31:53,22.5455,114.0683,91.92,76,3,4.88
222,Hovd,MN,2022-07-28 02:31:53,48.0056,91.6419,65.53,33,3,4.79
223,Berdigestyakh,RU,2022-07-28 02:31:54,62.0989,126.6992,84.9,38,0,5.41
224,Korla,CN,2022-07-28 02:27:00,41.7597,86.1469,90.27,16,0,7.14
225,Westport,US,2022-07-28 02:30:57,41.1415,-73.3579,76.01,86,0,6.91
226,Vanavara,RU,2022-07-28 02:31:54,60.34,102.2797,68.72,64,86,2.84
227,Tsiroanomandidy,MG,2022-07-28 02:31:55,-18.7667,46.0333,55.98,72,0,1.92
228,Te Anau,NZ,2022-07-28 02:32:55,-45.4167,167.7167,41.85,98,100,1.5
229,Lata,PT,2022-07-28 02:32:56,40.1629,-8.3327,54.99,92,0,1.95
230,Likasi,CD,2022-07-28 02:32:56,-10.9814,26.7333,52.57,58,39,3.49
231,Goderich,CA,2022-07-28 02:32:57,43.7501,-81.7165,73.72,83,0,8.05
232,Takanabe,JP,2022-07-28 02:32:57,32.1333,131.5,85.89,69,29,8.43
233,Qostanay,KZ,2022-07-28 02:32:57,53.1667,63.5833,59.29,88,75,13.42
234,Valparaiso,CL,2022-07-28 02:32:58,-33.0393,-71.6273,53.47,79,20,3.44
235,Ust-Maya,RU,2022-07-28 02:32:58,60.4167,134.5333,85.64,38,94,2.95
236,Nalut,LY,2022-07-28 02:32:59,30.3333,10.85,79.68,28,0,11.9
237,Taos,US,2022-07-28 02:32:59,36.4072,-105.5731,65.8,75,40,4.61
238,Portobelo,PA,2022-07-28 02:33:00,9.55,-79.65,75.96,86,100,2.3
239,Fukumitsu,JP,2022-07-28 02:33:00,36.55,136.8667,89.65,82,99,4.76
240,Ritchie,ZA,2022-07-28 02:33:00,-29.038,24.6028,52.81,70,20,12.75
241,Pachperwa,IN,2022-07-28 02:33:01,27.5167,82.65,83.05,75,100,6.93
242,Deputatskiy,RU,2022-07-28 02:33:01,69.3,139.9,62.04,40,84,5.37
243,Mikuni,JP,2022-07-28 02:33:02,36.2171,136.1519,87.71,71,100,6.82
244,Valera,VE,2022-07-28 02:33:02,9.3178,-70.6036,70.92,94,100,5.03
245,Broken Hill,AU,2022-07-28 02:28:08,-31.95,141.4333,58.05,37,0,5.84
246,Eurajoki,FI,2022-07-28 02:33:03,61.2,21.7333,57.22,75,100,7.54
247,Khatanga,RU,2022-07-28 02:33:03,71.9667,102.5,71.17,46,92,3.42
248,Namatanai,PG,2022-07-28 02:33:04,-3.6667,152.4333,85.1,67,74,12.68
249,Ibague,CO,2022-07-28 02:33:04,4.4389,-75.2322,66.11,94,75,2.3
250,Kruisfontein,ZA,2022-07-28 02:33:04,-34.0033,24.7314,57.88,91,2,5.01
251,Yulara,AU,2022-07-28 02:29:24,-25.2406,130.9889,57.49,23,10,13.98
252,Shumyachi,RU,2022-07-28 02:33:05,53.8583,32.4242,59.54,96,90,4.43
253,Nicoya,CR,2022-07-28 02:33:05,10.1483,-85.452,73.98,96,100,1.23
254,Alice,US,2022-07-28 02:33:05,27.7523,-98.0697,84.09,65,0,13.8
255,Qunduz,AF,2022-07-28 02:33:06,36.729,68.857,93.47,24,2,5.08
256,Katsuura,JP,2022-07-28 02:29:49,35.1333,140.3,83.03,79,83,11.9
257,Capreol,CA,2022-07-28 02:33:07,46.706,-80.9225,63.07,94,100,5.75
258,Progreso,MX,2022-07-28 02:32:49,21.2833,-89.6667,75.11,83,60,14.76
259,Oktyabrskiy,RU,2022-07-28 02:33:07,54.4815,53.471,64.2,81,61,5.68
260,Pisco,PE,2022-07-28 02:33:07,-13.7,-76.2167,59.05,82,20,4.61
261,Pangnirtung,CA,2022-07-28 02:33:08,66.1451,-65.7125,53.87,69,100,1.5
262,Sorland,NO,2022-07-28 02:31:43,67.667,12.6934,49.86,78,24,12.41
263,Mnogovershinnyy,RU,2022-07-28 02:33:08,53.9353,139.9242,73.0,51,42,2.24
264,Ambulu,ID,2022-07-28 02:33:09,-8.345,113.6058,83.1,63,50,5.61
265,Santander,ES,2022-07-28 02:33:09,43.4647,-3.8044,62.46,91,0,3.0
266,Bandarbeyla,SO,2022-07-28 02:33:09,9.4942,50.8122,77.09,67,100,25.08
267,Abay,KZ,2022-07-28 02:33:10,49.6311,72.8539,68.38,40,61,5.08
268,Akdepe,TM,2022-07-28 02:28:36,42.0551,59.3788,75.29,32,0,3.58
269,Baykalsk,RU,2022-07-28 02:33:11,51.5058,104.1469,59.02,74,99,1.3
270,Ust-Ishim,RU,2022-07-28 02:33:11,57.6935,71.1665,60.44,74,100,9.44
271,Adrar,MR,2022-07-28 02:33:12,20.5022,-10.0711,95.29,10,0,8.84
272,Nemuro,JP,2022-07-28 02:33:12,43.3236,145.575,64.76,92,47,4.68
273,Bonthe,SL,2022-07-28 02:33:12,7.5264,-12.505,74.1,91,76,5.95
274,Hopewell,US,2022-07-28 02:31:18,37.3043,-77.2872,79.97,90,94,5.66
275,Karonga,MW,2022-07-28 02:32:02,-9.9333,33.9333,64.26,79,16,4.41
276,Vadso,NO,2022-07-28 02:34:13,70.0744,29.7487,54.48,82,75,12.66
277,Arlit,NE,2022-07-28 02:34:14,18.7369,7.3853,85.6,49,97,21.72
278,Bollnas,SE,2022-07-28 02:34:14,61.3482,16.3946,45.55,84,1,4.97
279,Ishinomaki,JP,2022-07-28 02:34:14,38.4167,141.3,84.2,76,27,6.87
280,Sechura,PE,2022-07-28 02:34:15,-5.5569,-80.8222,63.84,81,7,16.08
281,Gizo,SB,2022-07-28 02:34:15,-8.103,156.8419,84.49,68,8,8.05
282,Kisangani,CD,2022-07-28 02:34:16,0.5167,25.2,70.61,98,100,2.33
283,Pak Phanang,TH,2022-07-28 02:34:16,8.3511,100.202,89.04,71,96,3.22
284,Marawi,PH,2022-07-28 02:34:16,7.9986,124.2928,79.3,77,79,1.88
285,Fort Abbas,PK,2022-07-28 02:34:17,29.1925,72.8536,89.29,64,80,10.31
286,Oyem,GA,2022-07-28 02:34:17,1.5995,11.5793,65.32,98,72,3.15
287,Havoysund,NO,2022-07-28 02:34:18,70.9963,24.6622,48.43,87,100,21.3
288,Bagula,IN,2022-07-28 02:34:18,23.3167,88.65,88.74,65,96,7.9
289,Ambanja,MG,2022-07-28 02:34:18,-13.6833,48.45,66.58,92,57,3.13
290,Gold Coast,AU,2022-07-28 02:34:19,-28.0,153.4333,71.78,75,2,4.72
291,Longyearbyen,SJ,2022-07-28 02:31:46,78.2186,15.6401,42.64,81,75,19.57
292,Alihe,CN,2022-07-28 02:34:19,50.5667,123.7167,75.54,79,100,6.58
293,Maragogi,BR,2022-07-28 02:32:14,-9.0122,-35.2225,71.4,89,55,4.83
294,Mount Gambier,AU,2022-07-28 02:34:07,-37.8333,140.7667,53.6,63,100,8.08
295,Oussouye,SN,2022-07-28 02:34:20,12.485,-16.5469,77.18,84,89,5.61
296,Jijiga,ET,2022-07-28 02:34:19,9.35,42.8,60.12,70,22,13.78
297,Elat,IL,2022-07-28 02:34:21,29.5581,34.9482,82.24,28,0,11.5
298,Datong,CN,2022-07-28 02:34:21,40.0936,113.2914,75.76,47,0,3.24
299,Basco,PH,2022-07-28 02:34:22,20.4487,121.9702,85.26,77,95,13.69
300,Le Port,RE,2022-07-28 02:34:22,-20.9373,55.2919,68.25,75,18,6.69
301,Dwarka,IN,2022-07-28 02:34:23,22.2394,68.9678,82.71,76,89,9.08
302,Gracac,HR,2022-07-28 02:34:23,44.3006,15.8547,64.15,89,99,8.23
303,Soma,TR,2022-07-28 02:34:23,39.1855,27.6094,66.65,65,0,7.63
304,Abu Kamal,SY,2022-07-28 02:34:24,34.4506,40.9171,86.79,16,0,7.81
305,Kieta,PG,2022-07-28 02:34:24,-6.2167,155.6333,85.84,64,10,8.08
306,Igrim,RU,2022-07-28 02:34:25,63.1906,64.4162,65.01,55,2,3.53
307,Kysyl-Syr,RU,2022-07-28 02:34:25,63.8986,122.7617,84.94,42,22,6.62
308,Acapulco,MX,2022-07-28 02:32:01,16.8634,-99.8901,80.42,83,75,0.0
309,Pokhara,NP,2022-07-28 02:32:17,28.2333,83.9833,71.4,97,100,0.74
310,Kalabo,ZM,2022-07-28 02:34:26,-14.97,22.6814,51.12,67,30,5.91
311,Springbok,ZA,2022-07-28 02:34:26,-29.6643,17.8865,47.19,43,0,6.98
312,Burmakino,RU,2022-07-28 02:34:26,57.4166,40.2369,63.97,94,0,2.24
313,Qujing,CN,2022-07-28 02:34:27,25.4833,103.7833,67.77,79,93,3.94
314,Fortuna,US,2022-07-28 02:34:27,40.5982,-124.1573,62.91,85,20,12.66
315,Nouakchott,MR,2022-07-28 02:34:27,18.0858,-15.9785,80.53,84,77,23.94
316,Kyabram,AU,2022-07-28 02:34:28,-36.3167,145.05,59.88,56,83,11.36
317,Nikolskoye,RU,2022-07-28 02:29:34,59.7035,30.7861,56.8,94,0,4.41
318,Luderitz,NA,2022-07-28 02:34:28,-26.6481,15.1594,54.07,76,0,1.28
319,Simao,CN,2022-07-28 02:34:29,22.7886,100.9748,73.63,85,100,1.57
320,Imeni Poliny Osipenko,RU,2022-07-28 02:34:29,52.4201,136.4853,76.66,64,100,6.13
321,Najran,SA,2022-07-28 02:33:30,17.4924,44.1277,79.45,49,91,2.66
322,Barhi,IN,2022-07-28 02:34:30,23.9,80.8,82.53,74,92,8.14
323,Buritis,BR,2022-07-28 02:35:30,-15.6178,-46.4233,63.52,56,0,2.3
324,Olafsvik,IS,2022-07-28 02:35:30,64.8945,-23.7142,47.8,81,100,26.33
325,Raga,SS,2022-07-28 02:35:31,8.4596,25.678,68.47,98,100,3.96
326,Jambi,ID,2022-07-28 02:35:31,-1.6,103.6167,81.55,71,94,4.47
327,Bushehr,IR,2022-07-28 02:35:32,28.9684,50.8385,91.49,66,75,11.5
328,Llanes,ES,2022-07-28 02:35:32,43.4198,-4.7549,64.6,78,80,3.4
329,Fukue,JP,2022-07-28 02:31:59,32.6881,128.8419,86.36,70,40,9.22
330,Bud,US,2022-07-28 02:35:33,39.447,-86.1758,77.02,89,86,5.88
331,Saint-Pierre,RE,2022-07-28 02:33:55,-21.3393,55.4781,67.91,69,20,6.91
332,Aktas,KZ,2022-07-28 02:35:33,49.7789,72.9608,67.75,41,67,4.03
333,Rosenberg,SK,2022-07-28 02:35:34,49.0748,19.3075,56.98,97,85,2.91
334,Chuy,UY,2022-07-28 02:35:34,-33.6971,-53.4616,59.25,98,100,6.38
335,Napier,NZ,2022-07-28 02:35:35,-39.4833,176.9167,63.28,59,100,8.99
336,Jennings,US,2022-07-28 02:35:35,38.7192,-90.2604,77.95,88,0,4.61
337,Youhao,CN,2022-07-28 02:35:35,47.8667,128.8333,91.76,37,100,8.23
338,Tiksi,RU,2022-07-28 02:35:36,71.6872,128.8694,68.29,60,89,6.26
339,Iqaluit,CA,2022-07-28 02:34:31,63.7506,-68.5145,51.53,66,75,3.44
340,Techiman,GH,2022-07-28 02:35:36,7.5862,-1.9414,69.22,96,93,7.92
341,Santiago,CL,2022-07-28 02:30:38,-33.4569,-70.6483,53.85,78,75,3.44
342,Spencer,US,2022-07-28 02:33:43,43.1414,-95.1444,71.56,84,51,5.77
343,Coatzacoalcos,MX,2022-07-28 02:35:37,18.15,-94.4167,79.21,84,93,8.86
344,Chunoyar,RU,2022-07-28 02:35:37,57.4467,97.3217,66.81,64,100,6.06
345,Fare,PF,2022-07-28 02:35:38,-16.7,-151.0167,78.35,76,10,25.7
346,Medicine Hat,CA,2022-07-28 02:35:38,50.0501,-110.6683,77.99,34,0,3.44
347,Kamsack,CA,2022-07-28 02:35:38,51.5667,-101.9009,54.19,83,21,5.79
348,Cravo Norte,CO,2022-07-28 02:35:39,6.3017,-70.2041,75.09,90,65,5.12
349,Soissons,FR,2022-07-28 02:35:39,49.3333,3.3333,58.41,66,52,6.38
350,Pergamino,AR,2022-07-28 02:35:40,-33.89,-60.5736,55.9,94,100,11.01
351,Lingao,CN,2022-07-28 02:35:40,19.9103,109.6859,87.4,68,6,5.73
352,Nueve De Julio,AR,2022-07-28 02:35:40,-35.4444,-60.8831,53.91,89,100,13.51
353,Aykhal,RU,2022-07-28 02:33:26,66.0,111.5,81.46,59,28,12.21
354,Scottsbluff,US,2022-07-28 02:35:41,41.8666,-103.6672,83.52,60,0,9.22
355,Tecoanapa,MX,2022-07-28 02:35:41,16.5167,-98.75,77.9,86,100,3.04
356,Tarko-Sale,RU,2022-07-28 02:35:42,64.9225,77.785,58.75,63,23,15.88
357,Mercedes,AR,2022-07-28 02:35:42,-34.6515,-59.4307,62.78,94,100,12.55
358,Clovis,US,2022-07-28 02:31:21,36.8252,-119.7029,98.49,25,75,10.36
359,Urusha,RU,2022-07-28 02:35:43,54.05,122.9,73.22,76,100,5.03
360,Rincon,US,2022-07-28 02:35:43,32.296,-81.2354,84.85,80,40,11.5
361,Sibu,MY,2022-07-28 02:32:47,2.3,111.8167,84.51,74,40,3.44
362,Fuerte Olimpo,PY,2022-07-28 02:35:44,-21.0415,-57.8738,73.96,38,2,5.44
363,Dzemul,MX,2022-07-28 02:35:44,21.2,-89.3,75.06,88,96,6.64
364,Khovu-Aksy,RU,2022-07-28 02:35:44,51.1333,93.6,62.47,47,100,2.98
365,Hidalgotitlan,MX,2022-07-28 02:35:45,17.7833,-94.6333,75.63,92,98,5.06
366,Lengshuijiang,CN,2022-07-28 02:35:45,27.6881,111.4294,94.73,51,97,1.32
367,Yidu,CN,2022-07-28 02:35:46,24.1614,115.1328,95.99,47,35,2.84
368,Moultrie,US,2022-07-28 02:34:07,31.1799,-83.7891,80.71,78,0,0.0
369,Xining,CN,2022-07-28 02:35:46,36.6167,101.7667,68.61,39,3,0.65
370,Skibbereen,IE,2022-07-28 02:35:47,51.55,-9.2667,59.11,85,100,8.93
371,Epe,NG,2022-07-28 02:35:47,6.5841,3.9834,74.25,94,99,6.64
372,Ambilobe,MG,2022-07-28 02:36:48,-13.2,49.05,62.82,91,6,3.4
373,Puerto Madero,MX,2022-07-28 02:36:48,14.7208,-92.4215,75.4,100,100,0.0
374,Wuwei,CN,2022-07-28 02:33:30,37.9281,102.6414,85.53,18,58,2.8
375,Alibag,IN,2022-07-28 02:33:46,18.6411,72.8792,80.67,81,100,2.39
376,Sivaki,RU,2022-07-28 02:36:49,52.6333,126.75,84.42,52,100,8.25
377,College,US,2022-07-28 02:36:49,64.8569,-147.8028,63.46,60,75,11.5
378,Flin Flon,CA,2022-07-28 02:34:58,54.7682,-101.865,59.18,62,73,5.5
379,Owando,CG,2022-07-28 02:36:50,-0.4819,15.8999,71.38,74,100,1.16
380,Kuusamo,FI,2022-07-28 02:36:50,65.9667,29.1833,55.44,100,100,6.91
381,Verkhoyansk,RU,2022-07-28 02:33:58,67.5447,133.385,82.47,39,99,3.51
382,Camargo,MX,2022-07-28 02:36:51,27.6667,-105.1667,79.12,50,27,9.66
383,Vung Tau,VN,2022-07-28 02:33:21,10.346,107.0843,83.12,74,61,1.99
384,Dong Xoai,VN,2022-07-28 02:34:28,11.5333,106.9167,85.84,71,35,0.63
385,Aksaray,TR,2022-07-28 02:33:10,38.3726,34.0254,64.27,45,0,7.65
386,Dubrovytsya,UA,2022-07-28 02:36:51,51.5744,26.565,55.63,88,86,2.86
387,Praia,CV,2022-07-28 02:34:33,14.9215,-23.5087,79.34,83,20,1.14
388,Lompoc,US,2022-07-28 02:34:04,34.6391,-120.4579,69.94,83,75,12.66
389,Cotonou,BJ,2022-07-28 02:36:52,6.3654,2.4183,76.98,88,40,13.8
390,Lavrentiya,RU,2022-07-28 02:36:52,65.5833,-171.0,41.95,83,100,7.25
391,Conceicao Do Almeida,BR,2022-07-28 02:36:53,-12.7794,-39.17,64.67,99,80,3.49
392,Srednekolymsk,RU,2022-07-28 02:32:37,67.45,153.6833,57.13,42,99,10.45
393,Russell,US,2022-07-28 02:32:51,32.3502,-85.1999,83.8,78,0,3.44
394,Nabire,ID,2022-07-28 02:32:43,-3.3667,135.4833,82.36,81,20,2.15
395,Bilma,NE,2022-07-28 02:36:54,18.6853,12.9164,83.39,55,81,11.03
396,Lakes Entrance,AU,2022-07-28 02:36:54,-37.8811,147.981,57.16,57,58,12.33
397,Oistins,BB,2022-07-28 02:35:29,13.0667,-59.5333,80.69,74,20,20.71
398,Masunga,BW,2022-07-28 02:36:54,-20.6246,27.4488,50.65,50,0,6.67
399,Muros,ES,2022-07-28 02:36:55,42.7762,-9.0603,61.09,82,90,1.97
400,Paamiut,GL,2022-07-28 02:36:55,61.994,-49.6678,42.3,92,63,14.76
401,Berbera,SO,2022-07-28 02:36:56,10.4396,45.0143,88.39,38,43,23.33
402,Hegang,CN,2022-07-28 02:36:56,47.4,130.3667,83.8,66,100,6.04
403,Kanniyakumari,IN,2022-07-28 02:36:57,8.0833,77.5667,78.91,80,52,11.68
404,Mutis,CO,2022-07-28 02:36:57,6.2262,-77.4044,76.39,90,99,6.31
405,Fethiye,TR,2022-07-28 02:36:57,36.6217,29.1164,73.27,38,0,2.82
406,Ayagoz,KZ,2022-07-28 02:36:58,47.9714,80.4392,86.85,18,15,17.76
407,Ust-Tarka,RU,2022-07-28 02:36:58,55.5672,75.705,68.61,77,96,5.19
408,Forbes,AU,2022-07-28 02:36:58,-33.3833,148.0167,60.93,59,44,9.89
409,Lima,PE,2022-07-28 02:36:33,-12.0432,-77.0282,59.9,88,100,10.36
410,Los Llanos De Aridane,ES,2022-07-28 02:36:59,28.6585,-17.9182,70.12,92,20,19.57
411,Knevichi,RU,2022-07-28 02:36:59,43.3992,132.1803,80.62,78,40,11.18
412,Codrington,AU,2022-07-28 02:33:55,-38.2667,141.9667,50.43,84,100,10.47
413,Kudahuvadhoo,MV,2022-07-28 02:37:00,2.6708,72.8944,82.49,74,99,14.81
414,Sfantu Gheorghe,RO,2022-07-28 02:37:00,45.8667,25.7833,58.82,93,25,2.21
415,Vila Franca Do Campo,PT,2022-07-28 02:37:01,37.7167,-25.4333,73.81,93,77,3.38
416,Saskylakh,RU,2022-07-28 02:37:01,71.9167,114.0833,72.77,55,78,9.71
417,Padang,ID,2022-07-28 02:37:02,-0.9492,100.3543,82.45,58,25,2.66
418,North Bend,US,2022-07-28 02:35:37,43.4065,-124.2243,65.91,93,100,4.61
419,Gorontalo,ID,2022-07-28 02:33:08,0.5412,123.0595,83.79,78,54,6.71
420,Kapoeta,SS,2022-07-28 02:38:02,4.7717,33.5903,71.26,78,100,4.83
421,Manta,EC,2022-07-28 02:38:03,-0.95,-80.7333,71.38,88,100,9.22
422,Maroantsetra,MG,2022-07-28 02:38:03,-15.4333,49.7333,65.77,89,100,2.06
423,San Quintin,MX,2022-07-28 02:36:01,30.4833,-115.95,67.5,85,8,11.54
424,Lianzhou,CN,2022-07-28 02:38:04,24.7811,112.3825,94.44,53,91,1.74
425,Balkhash,KZ,2022-07-28 02:38:04,46.844,74.9804,81.21,26,0,8.95
426,Rolandia,BR,2022-07-28 02:34:48,-23.3097,-51.3692,66.11,60,30,2.53
427,Fier,AL,2022-07-28 02:38:05,40.7239,19.5561,75.42,60,1,2.57
428,Abnub,EG,2022-07-28 02:34:27,27.2696,31.1511,79.02,21,2,3.71
429,Oriximina,BR,2022-07-28 02:38:05,-1.7656,-55.8661,76.69,73,29,2.04
430,Udachnyy,RU,2022-07-28 02:38:05,66.4167,112.4,86.45,54,19,9.04
431,Liverpool,GB,2022-07-28 02:38:06,53.4106,-2.9779,61.61,89,40,6.91
432,Yilan,TW,2022-07-28 02:38:06,24.757,121.753,99.01,48,0,7.61
433,Rognan,NO,2022-07-28 02:38:07,67.0953,15.3878,50.14,56,97,5.41
434,Turukhansk,RU,2022-07-28 02:35:39,65.8167,87.9833,63.55,85,97,4.79
435,Castlegar,CA,2022-07-28 02:38:07,49.2998,-117.6689,92.08,45,1,2.17
436,Arica,CL,2022-07-28 02:38:08,-18.475,-70.3042,61.03,77,100,5.75
437,Geraldton,AU,2022-07-28 02:38:08,-28.7667,114.6,63.01,72,100,9.22
438,Bikaner,IN,2022-07-28 02:38:08,28.0167,73.3,84.69,74,49,15.12
439,Kikwit,CD,2022-07-28 02:38:09,-5.041,18.8162,71.19,37,80,0.27
440,Nelson Bay,AU,2022-07-28 02:38:09,-32.7167,152.15,64.99,54,1,8.01
441,Haines Junction,CA,2022-07-28 02:38:10,60.7522,-137.5108,55.35,71,100,2.3
442,Tacuarembo,UY,2022-07-28 02:37:26,-31.7333,-55.9833,64.63,92,92,4.5
443,Vestmannaeyjar,IS,2022-07-28 02:38:10,63.4427,-20.2734,51.87,74,95,17.25
444,Caravelas,BR,2022-07-28 02:38:11,-17.7125,-39.2481,67.82,85,24,2.26
445,Saint-Leu,RE,2022-07-28 02:38:11,-21.15,55.2833,67.32,74,12,4.41
446,Auki,SB,2022-07-28 02:38:11,-8.7676,160.7034,86.54,62,16,3.4
447,Voyvozh,RU,2022-07-28 02:38:12,62.892,54.9635,63.23,55,57,3.98
448,Solnechnyy,RU,2022-07-28 02:36:29,50.7214,136.6319,80.46,57,100,5.48
449,Montego Bay,JM,2022-07-28 02:38:12,18.4712,-77.9188,82.2,78,20,4.61
450,Santa Rosa,PH,2022-07-28 02:38:13,14.3122,121.1114,88.11,73,100,9.17
451,Troitsko-Pechorsk,RU,2022-07-28 02:34:39,62.7084,56.1964,62.73,57,86,2.21
452,Gulabpura,IN,2022-07-28 02:38:13,25.9,74.6667,79.83,78,87,13.24
453,Villazon,BO,2022-07-28 02:38:14,-22.0866,-65.5942,46.51,59,60,2.37
454,Grand Gaube,MU,2022-07-28 02:38:14,-20.0064,57.6608,68.4,78,3,4.0
455,Ipixuna,BR,2022-07-28 02:38:15,-1.7625,-48.8043,74.86,89,87,3.51
456,Nouadhibou,MR,2022-07-28 02:38:15,20.931,-17.0347,75.18,78,5,21.85
457,Marsh Harbour,BS,2022-07-28 02:38:16,26.5412,-77.0636,82.2,73,41,12.64
458,Gat,IL,2022-07-28 02:37:04,31.61,34.7642,76.41,70,0,2.57
459,Otane,NZ,2022-07-28 02:38:16,-39.8833,176.6333,64.0,70,86,9.33
460,Ustye,RU,2022-07-28 02:38:17,59.6304,39.736,64.44,95,100,4.03
461,Saint Anthony,US,2022-07-28 02:38:17,45.0205,-93.218,73.29,49,0,10.36
462,Bowen,AU,2022-07-28 02:38:17,-20.0167,148.2333,66.88,42,0,7.31
463,Mersing,MY,2022-07-28 02:38:18,2.4312,103.8405,82.31,89,40,3.44
464,San Pedro,PH,2022-07-28 02:38:18,14.35,121.0167,87.35,77,75,6.91
465,Qui Nhon,VN,2022-07-28 02:33:42,13.7667,109.2333,86.97,65,10,4.0
466,Nogent-Le-Rotrou,FR,2022-07-28 02:39:19,48.3333,1.0,58.66,49,98,8.03
467,San Cristobal,VE,2022-07-28 02:35:01,7.7669,-72.225,68.18,95,35,2.08
468,Puerto Quijarro,BO,2022-07-28 02:36:28,-17.7833,-57.7667,71.89,40,0,1.61
469,Saiki,JP,2022-07-28 02:39:20,32.95,131.9,85.32,70,63,8.32
470,Bocas Del Toro,PA,2022-07-28 02:39:20,9.3333,-82.25,78.98,81,100,5.37
471,San Jose,US,2022-07-28 02:35:23,37.3394,-121.895,77.58,58,75,13.8
472,Gamba,GA,2022-07-28 02:39:21,-2.65,10.0,68.59,92,25,3.2
473,Chitrakonda,IN,2022-07-28 02:39:21,18.1167,82.0833,80.67,81,57,1.57
474,Burnie,AU,2022-07-28 02:39:22,-41.0667,145.9167,50.94,62,100,9.53
475,Filingue,NE,2022-07-28 02:39:22,14.3521,3.3168,85.55,57,100,15.26
476,Nanga Eboko,CM,2022-07-28 02:39:22,4.6833,12.3667,67.53,98,100,3.51
477,Nuoro,IT,2022-07-28 02:39:23,40.3211,9.3297,62.92,60,0,3.96
478,Calama,CL,2022-07-28 02:39:23,-22.4667,-68.9333,46.89,19,74,14.97
479,Veraval,IN,2022-07-28 02:39:23,20.9,70.3667,81.81,78,100,6.33
480,Alvorada,BR,2022-07-28 02:39:24,-12.48,-49.1247,71.31,39,0,3.2
481,El Alto,PE,2022-07-28 02:39:24,-4.2714,-81.2147,63.72,85,55,16.4
482,Chapais,CA,2022-07-28 02:39:25,49.7834,-74.8492,65.98,92,100,3.56
483,Partizanskoye,RU,2022-07-28 02:39:25,55.5006,94.39,65.16,64,74,3.78
484,Noumea,NC,2022-07-28 02:38:52,-22.2763,166.4572,78.78,99,100,7.81
485,Waipawa,NZ,2022-07-28 02:39:25,-41.4122,175.5153,52.14,81,100,15.57
486,Saquarema,BR,2022-07-28 02:39:26,-22.92,-42.5103,68.14,86,0,12.5
487,Voznesenye,RU,2022-07-28 02:39:26,61.0106,35.4781,61.34,88,100,2.3
488,Berlevag,NO,2022-07-28 02:39:27,70.8578,29.0864,50.0,93,100,25.32
489,Moron,AR,2022-07-28 02:39:27,-34.6534,-58.6198,63.01,98,100,8.3
490,Kjollefjord,NO,2022-07-28 02:39:27,70.9457,27.3465,49.82,93,100,20.71
491,Inazawa,JP,2022-07-28 02:39:28,35.25,136.7833,95.16,56,100,4.76
492,Raudeberg,NO,2022-07-28 02:39:28,61.9875,5.1352,45.27,72,18,5.53
493,Yunyang,CN,2022-07-28 02:39:29,33.4474,112.7142,84.79,64,68,6.96
494,Dunedin,NZ,2022-07-28 02:39:29,-45.8742,170.5036,45.81,91,100,8.99
495,Lasa,IT,2022-07-28 02:39:30,46.6166,10.7002,57.36,92,84,2.1
496,Hay River,CA,2022-07-28 02:39:30,60.8156,-115.7999,67.98,73,40,6.91
497,Aksu,CN,2022-07-28 02:34:35,41.1231,80.2644,92.64,18,7,7.2
498,Buchanan,LR,2022-07-28 02:38:02,5.8808,-10.0467,74.5,84,100,10.29
499,Redlands,US,2022-07-28 02:39:30,34.0556,-117.1825,89.94,36,40,10.36
500,Carahue,CL,2022-07-28 02:39:31,-38.7,-73.1667,47.79,90,100,0.98
501,Richards Bay,ZA,2022-07-28 02:39:31,-28.783,32.0377,63.43,89,88,5.66
502,Bar Harbor,US,2022-07-28 02:39:32,44.3876,-68.2039,67.26,83,0,5.75
503,San Jeronimo,PE,2022-07-28 02:39:32,-11.9472,-75.2829,47.66,77,17,3.4
504,Miraflores,MX,2022-07-28 02:39:32,19.2167,-98.8083,58.03,94,100,1.03
505,Koumac,NC,2022-07-28 02:39:33,-20.5667,164.2833,75.09,62,100,10.74
506,Hofn,IS,2022-07-28 02:39:33,64.2539,-15.2082,53.33,99,100,21.34
507,Karratha,AU,2022-07-28 02:39:34,-20.7377,116.8463,79.48,32,0,16.71
508,Kaohsiung,TW,2022-07-28 02:39:34,22.6163,120.3133,91.35,66,20,4.61
509,Kwekwe,ZW,2022-07-28 02:39:34,-18.9281,29.8149,47.68,53,0,5.64
510,Port Blair,IN,2022-07-28 02:39:35,11.6667,92.75,84.24,79,75,3.44
511,Gimbi,ET,2022-07-28 02:39:35,9.1667,35.8333,54.63,98,100,1.34
512,Lagoa,PT,2022-07-28 02:36:00,39.05,-27.9833,71.1,81,0,7.07
513,Kenitra,MA,2022-07-28 02:40:36,34.261,-6.5802,68.76,85,0,3.4
514,Quatre Cocos,MU,2022-07-28 02:40:36,-20.2078,57.7625,68.11,80,28,10.25
515,Rio Gallegos,AR,2022-07-28 02:40:36,-51.6226,-69.2181,35.65,69,0,12.66
516,Mangaldai,IN,2022-07-28 02:40:37,26.4333,92.0333,84.04,79,81,3.36
517,Krishnagiri,IN,2022-07-28 02:40:37,12.5333,78.2333,79.5,70,29,2.89
518,Jacareacanga,BR,2022-07-28 02:40:37,-6.2222,-57.7528,79.43,42,100,1.21
519,Dickinson,US,2022-07-28 02:40:38,29.4608,-95.0513,87.75,78,20,6.91
520,Marsa Matruh,EG,2022-07-28 02:39:39,31.3525,27.2453,73.6,88,0,2.3
521,Sakaiminato,JP,2022-07-28 02:40:38,35.55,133.2333,91.33,74,75,9.22
522,Cochabamba,BO,2022-07-28 02:40:39,-17.3895,-66.1568,60.55,25,39,4.61
523,Keningau,MY,2022-07-28 02:40:39,5.3378,116.1602,88.12,58,88,1.21
524,Puerto Escondido,MX,2022-07-28 02:40:39,15.85,-97.0667,79.07,85,89,3.71
525,Kazachinskoye,RU,2022-07-28 02:40:40,57.6953,93.2761,63.1,78,100,3.98
526,Mali,GN,2022-07-28 02:37:48,12.079,-12.2982,59.83,97,98,3.49
527,Porto Santo,PT,2022-07-28 02:40:40,33.072,-16.3415,70.18,78,40,12.66
528,Vallenar,CL,2022-07-28 02:40:40,-28.5708,-70.7581,60.35,60,89,0.83
529,Bassano,CA,2022-07-28 02:40:41,50.7834,-112.4685,74.43,56,5,9.57
530,Thunder Bay,CA,2022-07-28 02:40:41,48.4001,-89.3168,58.98,94,75,3.44
531,Zhezkazgan,KZ,2022-07-28 02:40:42,47.8043,67.7144,71.58,53,0,8.95
532,Katangli,RU,2022-07-28 02:40:42,51.7102,143.2326,61.27,75,67,9.13
533,Canico,PT,2022-07-28 02:40:42,32.6333,-16.85,72.23,73,20,18.41
534,Fort Frances,CA,2022-07-28 02:40:43,48.5999,-93.4003,57.42,69,0,8.05
